{
  "Total" : {
    "transaction" : "Total",
    "sampleCount" : 20,
    "errorCount" : 0,
    "errorPct" : 0.0,
    "meanResTime" : 555.5999999999999,
    "medianResTime" : 509.0,
    "minResTime" : 364.0,
    "maxResTime" : 851.0,
    "pct1ResTime" : 846.4000000000001,
    "pct2ResTime" : 850.9,
    "pct3ResTime" : 851.0,
    "throughput" : 16.611295681063122,
    "receivedKBytesPerSec" : 43.13826957018273,
    "sentKBytesPerSec" : 2.7504347487541527
  },
  "GET Comments" : {
    "transaction" : "GET Comments",
    "sampleCount" : 20,
    "errorCount" : 0,
    "errorPct" : 0.0,
    "meanResTime" : 555.5999999999999,
    "medianResTime" : 509.0,
    "minResTime" : 364.0,
    "maxResTime" : 851.0,
    "pct1ResTime" : 846.4000000000001,
    "pct2ResTime" : 850.9,
    "pct3ResTime" : 851.0,
    "throughput" : 16.611295681063122,
    "receivedKBytesPerSec" : 43.13826957018273,
    "sentKBytesPerSec" : 2.7504347487541527
  }
}