{
  "Total" : {
    "transaction" : "Total",
    "sampleCount" : 20,
    "errorCount" : 0,
    "errorPct" : 0.0,
    "meanResTime" : 611.9999999999999,
    "medianResTime" : 568.0,
    "minResTime" : 284.0,
    "maxResTime" : 1710.0,
    "pct1ResTime" : 764.5,
    "pct2ResTime" : 1662.7999999999993,
    "pct3ResTime" : 1710.0,
    "throughput" : 8.403361344537815,
    "receivedKBytesPerSec" : 21.824530593487395,
    "sentKBytesPerSec" : 1.3913964023109244
  },
  "GET Comments" : {
    "transaction" : "GET Comments",
    "sampleCount" : 20,
    "errorCount" : 0,
    "errorPct" : 0.0,
    "meanResTime" : 611.9999999999999,
    "medianResTime" : 568.0,
    "minResTime" : 284.0,
    "maxResTime" : 1710.0,
    "pct1ResTime" : 764.5,
    "pct2ResTime" : 1662.7999999999993,
    "pct3ResTime" : 1710.0,
    "throughput" : 8.403361344537815,
    "receivedKBytesPerSec" : 21.824530593487395,
    "sentKBytesPerSec" : 1.3913964023109244
  }
}